{"EnvironmentID":"default","ObjectPlacements":[{"PrefabID":"Glovebox","SerializableTransform":{"PositionX":-2.58270121,"PositionY":1.11022246,"PositionZ":-0.21411559,"RotationX":0.0,"RotationY":0.4999996,"RotationZ":0.0,"RotationW":-0.8660257}},{"PrefabID":"DigitalDermatoscope","SerializableTransform":{"PositionX":-2.49094176,"PositionY":1.12467837,"PositionZ":0.181706131,"RotationX":0.193058178,"RotationY":0.217821032,"RotationZ":0.6345613,"RotationW":0.7159711}},{"PrefabID":"EmesisBasin","SerializableTransform":{"PositionX":1.09124541,"PositionY":0.754064143,"PositionZ":0.9365378,"RotationX":-5.3571604E-08,"RotationY":0.7070859,"RotationZ":-3.96976141E-08,"RotationW":-0.7071276}}]}